{
  "unified": {
    "total_loss": 7.998595237731934,
    "grad_norm": 0.04518747702240944,
    "is_stable": 1.0
  },
  "count": {
    "loss": 0.8056431412696838,
    "grad_norm": 0.002600975800305605,
    "is_stable": 1.0
  },
  "loc": {
    "loss": 2.041193962097168,
    "grad_norm": 0.026611926034092903,
    "is_stable": 1.0
  },
  "combined": {
    "total_loss": 4.011754035949707,
    "grad_norm": 0.02726852148771286,
    "is_stable": 1.0
  },
  "comparison": {
    "count_loss": {
      "original": 606.3551025390625,
      "simple": 0.8115116357803345,
      "original_time": 0.0706641674041748,
      "simple_time": 0.0001575946807861328,
      "speedup": 448.3918305597579
    },
    "loc_loss": {
      "simple": 2.0201892852783203,
      "simple_time": 0.0002453327178955078
    }
  },
  "stress": {}
}